{
  "metrics": {
    "r2": 0.9310504394818507,
    "mape": 0.026338899097787378,
    "max_r_hat": 1.01,
    "num_divergences": 0,
    "n_weeks": 156,
    "n_channels": 3
  },
  "budget": {
    "current": 1311.9808253097262,
    "profit_max": 1089.9533010265418
  },
  "channels": [
    {
      "name": "tv",
      "label": "TV",
      "lam": 1.7893764479751826,
      "beta": 0.3351756076772272,
      "spend_scale": 1870.6532867991664,
      "target_scale": 6420.907496614095,
      "current_spend": 647.4463874036973,
      "avg_roas": 0.9878175218845401,
      "marginal_roas": 0.9364620998920827,
      "contribution_share": 0.3119511044914421,
      "true_alpha": 0.7,
      "recovered_alpha": 0.7026240176849939,
      "alpha_hdi_low": 0.5769469978749269,
      "alpha_hdi_high": 0.8189416885143105
    },
    {
      "name": "social",
      "label": "Social Networks",
      "lam": 7.916489183764022,
      "beta": 0.2037283208591235,
      "spend_scale": 1344.200252055501,
      "target_scale": 6420.907496614095,
      "current_spend": 393.83352072133323,
      "avg_roas": 2.571733770115593,
      "marginal_roas": 1.2528972410605093,
      "contribution_share": 0.4940201644438141,
      "true_alpha": 0.4,
      "recovered_alpha": 0.4269341098650367,
      "alpha_hdi_low": 0.30956671224044524,
      "alpha_hdi_high": 0.5355883494729623
    },
    {
      "name": "search",
      "label": "Web Search",
      "lam": 5.295282573837012,
      "beta": 0.10832145042063934,
      "spend_scale": 954.83134661102,
      "target_scale": 6420.907496614095,
      "current_spend": 270.70091718469575,
      "avg_roas": 1.4695024886819283,
      "marginal_roas": 1.1476418863405229,
      "contribution_share": 0.19402873106474383,
      "true_alpha": 0.2,
      "recovered_alpha": 0.26357333064399646,
      "alpha_hdi_low": 0.024903081491661254,
      "alpha_hdi_high": 0.4711885065737622
    }
  ],
  "profit_curve": {
    "budget": [
      0.0,
      60.6,
      121.1,
      181.7,
      242.2,
      302.8,
      363.3,
      423.9,
      484.4,
      545.0,
      605.5,
      666.1,
      726.6,
      787.2,
      847.7,
      908.3,
      968.8,
      1029.4,
      1090.0,
      1150.5,
      1211.1,
      1271.6,
      1332.2,
      1392.7,
      1453.3,
      1513.8,
      1574.4,
      1634.9,
      1695.5,
      1756.0,
      1816.6,
      1877.1,
      1937.7,
      1998.2,
      2058.8,
      2119.4,
      2179.9,
      2240.5,
      2301.0,
      2361.6
    ],
    "ad_sales": [
      0.0,
      230.8,
      447.7,
      639.9,
      801.5,
      931.6,
      1047.3,
      1158.1,
      1261.5,
      1356.3,
      1441.8,
      1518.3,
      1586.0,
      1648.4,
      1710.6,
      1772.7,
      1834.4,
      1895.8,
      1956.8,
      2017.2,
      2077.0,
      2136.1,
      2194.5,
      2252.1,
      2308.8,
      2364.7,
      2419.6,
      2473.5,
      2526.5,
      2578.3,
      2629.2,
      2678.9,
      2727.6,
      2775.1,
      2821.5,
      2866.8,
      2910.9,
      2953.9,
      2995.8,
      3036.5
    ],
    "profit": [
      0.0,
      170.3,
      326.6,
      458.2,
      559.3,
      628.9,
      684.0,
      734.2,
      777.1,
      811.3,
      836.3,
      852.2,
      859.4,
      861.2,
      862.9,
      864.4,
      865.6,
      866.4,
      866.8,
      866.7,
      865.9,
      864.5,
      862.3,
      859.4,
      855.5,
      850.8,
      845.2,
      838.6,
      831.0,
      822.3,
      812.6,
      801.8,
      789.9,
      776.8,
      762.7,
      747.4,
      731.0,
      713.5,
      694.8,
      675.0
    ],
    "marginal_roas": [
      3.8117,
      3.6966,
      3.3776,
      2.9215,
      2.4094,
      2.0298,
      1.87,
      1.7687,
      1.6361,
      1.4891,
      1.3383,
      1.1904,
      1.0741,
      1.0291,
      1.0261,
      1.0223,
      1.0169,
      1.0101,
      1.002,
      0.9925,
      0.982,
      0.9703,
      0.9577,
      0.9441,
      0.9297,
      0.9146,
      0.8988,
      0.8824,
      0.8655,
      0.8482,
      0.8305,
      0.8124,
      0.7941,
      0.7757,
      0.757,
      0.7383,
      0.7196,
      0.7008,
      0.6821,
      0.6728
    ],
    "optimal_allocation": {
      "tv": [
        0.0,
        0.0,
        0.0,
        0.0,
        0.0,
        0.0,
        0.0,
        0.0,
        0.0,
        0.0,
        0.0,
        0.0,
        0.0,
        51.9,
        111.4,
        170.2,
        228.3,
        285.8,
        342.6,
        398.9,
        454.5,
        509.7,
        564.3,
        618.4,
        672.1,
        725.4,
        778.3,
        830.7,
        882.8,
        934.6,
        986.0,
        1037.1,
        1087.9,
        1138.5,
        1188.8,
        1238.8,
        1288.6,
        1338.2,
        1387.6,
        1436.8
      ],
      "social": [
        0.0,
        60.6,
        121.1,
        181.7,
        242.2,
        299.0,
        305.2,
        318.7,
        336.8,
        357.7,
        380.7,
        405.1,
        430.5,
        434.2,
        434.7,
        435.4,
        436.5,
        437.8,
        439.4,
        441.3,
        443.4,
        445.7,
        448.3,
        451.1,
        454.1,
        457.3,
        460.7,
        464.2,
        468.0,
        471.9,
        475.9,
        480.1,
        484.5,
        489.0,
        493.6,
        498.3,
        503.2,
        508.1,
        513.2,
        518.4
      ],
      "search": [
        0.0,
        0.0,
        0.0,
        0.0,
        0.0,
        3.8,
        58.2,
        105.1,
        147.7,
        187.2,
        224.8,
        261.0,
        296.1,
        301.1,
        301.7,
        302.7,
        304.1,
        305.8,
        307.9,
        310.4,
        313.2,
        316.2,
        319.6,
        323.2,
        327.0,
        331.1,
        335.5,
        340.0,
        344.7,
        349.6,
        354.7,
        359.9,
        365.3,
        370.8,
        376.5,
        382.2,
        388.1,
        394.1,
        400.2,
        406.4
      ]
    }
  }
}